;brouette;;;;;;;Cibles non appariées - Cible 1;;;;Cibles non appariées - Cible 2;;;;Cibles non appariées - Cible 3;;;;Cibles non appariées - Cible 4;;;
;TX;TY;TZ;RX;RY;RZ;Valid;TX;TY;TZ;Detected;TX;TY;TZ;Detected;TX;TY;TZ;Detected;TX;TY;TZ;Detected
0,000000;0;0;0;0;0;0;0;-210,742950;244,311844;2276,017334;1;-228,954025;245,040115;2286,277588;1;-199,695465;225,651672;2269,241455;1;-230,989319;215,754913;2286,539307;1
0,035000;0;0;0;0;0;0;0;-230,993134;215,758957;2286,560547;1;-210,735199;244,303802;2275,985352;1;-228,960144;245,039490;2286,251709;1;-199,689377;225,653534;2269,270508;1
0,069000;-219,888138;228,812378;2280,705811;-0,254079;29,375719;-5,990922;1;-210,740875;244,314102;2276,008301;1;0;0;0;0;0;0;0;0;0;0;0;0
0,137000;-219,883011;228,822098;2280,721924;-0,213431;29,362335;-5,976314;1;-210,750702;244,315811;2276,007813;1;0;0;0;0;0;0;0;0;0;0;0;0
0,172000;-219,882126;228,816193;2280,694092;-0,330301;29,320923;-6,010015;1;-210,743301;244,319656;2276,044434;1;0;0;0;0;0;0;0;0;0;0;0;0
0,207000;-219,884460;228,819839;2280,711182;-0,327363;29,349882;-6,008807;1;-210,741623;244,311188;2275,990234;1;0;0;0;0;0;0;0;0;0;0;0;0
0,241000;-219,882477;228,820404;2280,684570;-0,200292;29,353613;-5,980410;1;-210,741898;244,313248;2275,997559;1;0;0;0;0;0;0;0;0;0;0;0;0
0,276000;-219,886108;228,823227;2280,722900;-0,268912;29,323523;-5,990901;1;-210,743561;244,312088;2276,021484;1;0;0;0;0;0;0;0;0;0;0;0;0
0,310000;-219,881149;228,818085;2280,705566;-0,256667;29,363575;-6,000890;1;-210,751816;244,305923;2275,988037;1;0;0;0;0;0;0;0;0;0;0;0;0
0,345000;-219,882813;228,817200;2280,705811;-0,222951;29,347380;-5,981008;1;-210,738998;244,313812;2276,016602;1;0;0;0;0;0;0;0;0;0;0;0;0
0,379000;-219,882523;228,817871;2280,708008;-0,251862;29,368328;-5,986277;1;-210,741058;244,307526;2275,981201;1;0;0;0;0;0;0;0;0;0;0;0;0
0,414000;-219,884445;228,820404;2280,715088;-0,265595;29,392138;-5,992677;1;-210,737167;244,314011;2276,007568;1;0;0;0;0;0;0;0;0;0;0;0;0
0,448000;-219,874649;228,815567;2280,686523;-0,233381;29,417656;-5,985353;1;-210,746384;244,305588;2276,024658;1;0;0;0;0;0;0;0;0;0;0;0;0
0,483000;-219,886002;228,819305;2280,725098;-0,183165;29,394413;-5,963418;1;-210,737564;244,317245;2276,024902;1;0;0;0;0;0;0;0;0;0;0;0;0
0,517000;-219,880066;228,825394;2280,715820;-0,281595;29,404839;-6,006373;1;-210,748444;244,320190;2276,018066;1;0;0;0;0;0;0;0;0;0;0;0;0
0,552000;-219,886261;228,820206;2280,728027;-0,304227;29,404203;-5,995426;1;-210,740540;244,313828;2275,982178;1;0;0;0;0;0;0;0;0;0;0;0;0
0,586000;-219,883224;228,821365;2280,709229;-0,203715;29,373413;-5,978436;1;-210,739227;244,300919;2275,987793;1;0;0;0;0;0;0;0;0;0;0;0;0
0,621000;-219,877548;228,815506;2280,692383;-0,191502;29,376514;-5,963031;1;-210,741104;244,306351;2275,986816;1;0;0;0;0;0;0;0;0;0;0;0;0
0,655000;-219,881454;228,817474;2280,703613;-0,238081;29,368614;-5,989542;1;-210,746109;244,311371;2275,992676;1;0;0;0;0;0;0;0;0;0;0;0;0
0,690000;-219,882904;228,817856;2280,692383;-0,269433;29,353571;-5,992816;1;-210,737534;244,314789;2276,016602;1;0;0;0;0;0;0;0;0;0;0;0;0
0,724000;-219,881454;228,817917;2280,688232;-0,101488;29,354607;-5,938449;1;-210,741669;244,313400;2276,008057;1;0;0;0;0;0;0;0;0;0;0;0;0
0,759000;-219,884811;228,815750;2280,713379;-0,233414;29,330004;-5,967741;1;-210,731781;244,311661;2275,983154;1;0;0;0;0;0;0;0;0;0;0;0;0
0,793000;-219,884460;228,818512;2280,703857;-0,215592;29,314837;-5,989380;1;-210,743866;244,304260;2276,010010;1;0;0;0;0;0;0;0;0;0;0;0;0
0,828000;-219,877197;228,813873;2280,683350;-0,336107;29,365303;-6,007849;1;-210,738953;244,307358;2275,977295;1;0;0;0;0;0;0;0;0;0;0;0;0
0,862000;-219,882355;228,816299;2280,694092;-0,270500;29,383265;-5,995926;1;-210,745438;244,309952;2276,002197;1;0;0;0;0;0;0;0;0;0;0;0;0
0,897000;-219,878677;228,814987;2280,682617;-0,263003;29,373884;-5,992473;1;-210,738297;244,308823;2276,004395;1;0;0;0;0;0;0;0;0;0;0;0;0
0,931000;-219,883270;228,816284;2280,700928;-0,308822;29,304186;-5,996103;1;-210,742493;244,310257;2276,004150;1;0;0;0;0;0;0;0;0;0;0;0;0
0,966000;-219,880722;228,816925;2280,704590;-0,273746;29,389671;-5,991155;1;-210,739059;244,302902;2276,006592;1;0;0;0;0;0;0;0;0;0;0;0;0
1,000000;-219,882660;228,816849;2280,702881;-0,282980;29,309700;-5,985770;1;-210,739029;244,311249;2275,984375;1;0;0;0;0;0;0;0;0;0;0;0;0
1,034000;-219,880447;228,819992;2280,695313;-0,287670;29,389883;-5,992325;1;-210,741653;244,308594;2275,988281;1;0;0;0;0;0;0;0;0;0;0;0;0
1,069000;-219,879364;228,820297;2280,708496;-0,245369;29,361307;-5,990282;1;-210,738235;244,300079;2275,976807;1;0;0;0;0;0;0;0;0;0;0;0;0
1,103000;-219,880264;228,819534;2280,712646;-0,263364;29,379055;-5,998991;1;-210,745148;244,309830;2276,022217;1;0;0;0;0;0;0;0;0;0;0;0;0
1,138000;-219,881348;228,817154;2280,701660;-0,342374;29,361584;-6,017213;1;-210,736465;244,309128;2275,994385;1;0;0;0;0;0;0;0;0;0;0;0;0
1,172000;-219,881638;228,816589;2280,690918;-0,237259;29,328413;-5,991884;1;-210,745407;244,315323;2276,029297;1;0;0;0;0;0;0;0;0;0;0;0;0
1,207000;-219,882385;228,815430;2280,700195;-0,241944;29,349686;-5,981897;1;-210,735779;244,315186;2276,004639;1;0;0;0;0;0;0;0;0;0;0;0;0
1,241000;-219,881897;228,813461;2280,710205;-0,212553;29,377365;-5,973480;1;-210,733841;244,306442;2275,995361;1;0;0;0;0;0;0;0;0;0;0;0;0
1,276000;-219,886093;228,817383;2280,720947;-0,246173;29,374338;-5,997266;1;-210,738144;244,302109;2275,969971;1;0;0;0;0;0;0;0;0;0;0;0;0
1,310000;-219,883484;228,819641;2280,703369;-0,274476;29,373075;-5,996591;1;-210,736847;244,315506;2275,983154;1;0;0;0;0;0;0;0;0;0;0;0;0
1,345000;-219,876831;228,812988;2280,681152;-0,300822;29,387428;-6,006212;1;-210,733856;244,311203;2275,961670;1;0;0;0;0;0;0;0;0;0;0;0;0
1,379000;-219,878738;228,816513;2280,710449;-0,233770;29,336748;-5,980996;1;-210,745895;244,305069;2275,997803;1;0;0;0;0;0;0;0;0;0;0;0;0
1,414000;-219,879303;228,818115;2280,710205;-0,207946;29,349146;-5,966833;1;-210,735825;244,307602;2275,954590;1;0;0;0;0;0;0;0;0;0;0;0;0
1,448000;-219,879395;228,819672;2280,708008;-0,261810;29,327387;-5,993782;1;-210,740387;244,307983;2275,994873;1;0;0;0;0;0;0;0;0;0;0;0;0
1,483000;-219,876419;228,817429;2280,684326;-0,222335;29,352444;-5,984717;1;-210,740417;244,312302;2275,979492;1;0;0;0;0;0;0;0;0;0;0;0;0
1,517000;-219,883820;228,818756;2280,706055;-0,289152;29,360149;-6,001649;1;-210,741882;244,307602;2276,008057;1;0;0;0;0;0;0;0;0;0;0;0;0
1,552000;-219,880600;228,818375;2280,706787;-0,342348;29,384016;-5,999790;1;-210,743469;244,308289;2275,989746;1;0;0;0;0;0;0;0;0;0;0;0;0
1,586000;-219,882172;228,820099;2280,702637;-0,261818;29,395969;-5,991818;1;-210,733963;244,307831;2276,001953;1;0;0;0;0;0;0;0;0;0;0;0;0
1,621000;-219,885986;228,821335;2280,702393;-0,270779;29,355211;-5,995130;1;-210,735596;244,312469;2276,023926;1;0;0;0;0;0;0;0;0;0;0;0;0
1,655000;-219,879517;228,816010;2280,702881;-0,308527;29,407980;-6,002473;1;-210,746902;244,307297;2276,014648;1;0;0;0;0;0;0;0;0;0;0;0;0
1,690000;-219,883011;228,821457;2280,709717;-0,169522;29,320753;-5,974775;1;-210,741394;244,303986;2276,005371;1;0;0;0;0;0;0;0;0;0;0;0;0
1,724000;-219,884354;228,818802;2280,712158;-0,327270;29,306955;-6,002990;1;-210,739349;244,309845;2276,005371;1;0;0;0;0;0;0;0;0;0;0;0;0
1,759000;-219,878036;228,817001;2280,702148;-0,172134;29,334528;-5,965583;1;-210,740280;244,313278;2276,002197;1;0;0;0;0;0;0;0;0;0;0;0;0
1,793000;-219,882690;228,815659;2280,703857;-0,273841;29,361364;-5,986787;1;-210,735947;244,312500;2275,995605;1;0;0;0;0;0;0;0;0;0;0;0;0
1,828000;-219,880066;228,819061;2280,694580;-0,344584;29,422638;-6,030545;1;-210,742645;244,310135;2275,960205;1;0;0;0;0;0;0;0;0;0;0;0;0
1,862000;-219,890808;228,819916;2280,732910;-0,261814;29,380192;-5,986867;1;-210,743484;244,295944;2275,992676;1;0;0;0;0;0;0;0;0;0;0;0;0
1,897000;-219,887054;228,815796;2280,702637;-0,254925;29,365046;-5,995730;1;-210,743423;244,309479;2275,988037;1;0;0;0;0;0;0;0;0;0;0;0;0
1,931000;-219,884842;228,818497;2280,703857;-0,294045;29,296806;-5,989433;1;-210,739334;244,306442;2275,968018;1;0;0;0;0;0;0;0;0;0;0;0;0
1,966000;-219,882462;228,815948;2280,683105;-0,291618;29,332216;-6,003215;1;-210,745010;244,300385;2275,999756;1;0;0;0;0;0;0;0;0;0;0;0;0
2,000000;-219,879959;228,815201;2280,685547;-0,277371;29,377285;-5,993757;1;-210,744278;244,311508;2276,008057;1;0;0;0;0;0;0;0;0;0;0;0;0
2,034000;-219,878265;228,817825;2280,696045;-0,274590;29,421207;-5,995945;1;-210,737457;244,303955;2275,980469;1;0;0;0;0;0;0;0;0;0;0;0;0
2,069000;-219,883835;228,818970;2280,719238;-0,220777;29,412437;-5,974958;1;-210,738632;244,314758;2275,980469;1;0;0;0;0;0;0;0;0;0;0;0;0
2,103000;-219,884659;228,819687;2280,706055;-0,308811;29,344156;-5,999074;1;-210,740921;244,313721;2275,997070;1;0;0;0;0;0;0;0;0;0;0;0;0
2,138000;-219,881561;228,811035;2280,692627;-0,304452;29,354919;-6,009311;1;-210,741287;244,310410;2275,981934;1;0;0;0;0;0;0;0;0;0;0;0;0
2,172000;-219,876266;228,813385;2280,689697;-0,253597;29,354200;-5,987867;1;-210,728897;244,311569;2276,006592;1;0;0;0;0;0;0;0;0;0;0;0;0
2,207000;-219,880707;228,816315;2280,697266;-0,264205;29,356712;-5,997471;1;-210,735184;244,308640;2275,963623;1;0;0;0;0;0;0;0;0;0;0;0;0
2,241000;-219,882584;228,810577;2280,699707;-0,149663;29,331694;-5,956997;1;-210,739685;244,307892;2275,981445;1;0;0;0;0;0;0;0;0;0;0;0;0
2,276000;-219,882156;228,819962;2280,717529;-0,224377;29,393576;-5,991360;1;-210,736221;244,304199;2275,971436;1;0;0;0;0;0;0;0;0;0;0;0;0
2,310000;-219,883545;228,819168;2280,714600;-0,277897;29,337889;-5,988358;1;-210,740356;244,313324;2275,995117;1;0;0;0;0;0;0;0;0;0;0;0;0
2,345000;-219,881851;228,818726;2280,697998;-0,251391;29,348070;-5,989193;1;-210,745071;244,307098;2275,997070;1;0;0;0;0;0;0;0;0;0;0;0;0
2,379000;-219,882767;228,817017;2280,704834;-0,258197;29,377821;-5,993981;1;-210,740952;244,313110;2275,971924;1;0;0;0;0;0;0;0;0;0;0;0;0
2,414000;-219,879807;228,821014;2280,701660;-0,245727;29,359585;-5,995041;1;-210,733109;244,308060;2275,973389;1;0;0;0;0;0;0;0;0;0;0;0;0
2,448000;-219,884720;228,816757;2280,707520;-0,276054;29,350750;-5,995578;1;-210,737671;244,311157;2275,998779;1;0;0;0;0;0;0;0;0;0;0;0;0
2,483000;-219,874939;228,816864;2280,696777;-0,288923;29,341461;-6,000090;1;-210,742294;244,305435;2275,980957;1;0;0;0;0;0;0;0;0;0;0;0;0
2,517000;-219,879456;228,814819;2280,684082;-0,248144;29,365671;-5,979369;1;-210,739532;244,318161;2276,011230;1;0;0;0;0;0;0;0;0;0;0;0;0
2,552000;-219,880249;228,821747;2280,709961;-0,193869;29,367266;-5,966922;1;-210,736481;244,308456;2275,973389;1;0;0;0;0;0;0;0;0;0;0;0;0
2,586000;-219,886536;228,818787;2280,704346;-0,264128;29,358158;-6,000987;1;-210,743851;244,311722;2276,004883;1;0;0;0;0;0;0;0;0;0;0;0;0
2,621000;-219,883621;228,822464;2280,705078;-0,292694;29,361279;-5,994833;1;-210,744095;244,307388;2275,964111;1;0;0;0;0;0;0;0;0;0;0;0;0
2,655000;-219,880463;228,824219;2280,697266;-0,251124;29,348969;-5,985725;1;-210,747391;244,306549;2275,998291;1;0;0;0;0;0;0;0;0;0;0;0;0
2,690000;-219,880829;228,816254;2280,698486;-0,319430;29,364216;-5,987113;1;-210,741379;244,302948;2276,004395;1;0;0;0;0;0;0;0;0;0;0;0;0
2,724000;-219,884140;228,813614;2280,693359;-0,263354;29,388187;-5,984302;1;-210,740875;244,308685;2275,995605;1;0;0;0;0;0;0;0;0;0;0;0;0
2,759000;-219,883636;228,816391;2280,697754;-0,270821;29,357363;-5,979738;1;-210,736435;244,303757;2275,992188;1;0;0;0;0;0;0;0;0;0;0;0;0
2,793000;-219,882858;228,819305;2280,702637;-0,264228;29,358042;-5,991342;1;-210,742950;244,319016;2276,011719;1;0;0;0;0;0;0;0;0;0;0;0;0
2,828000;-219,879150;228,819275;2280,712646;-0,269090;29,354883;-5,992603;1;-210,740402;244,310654;2276,008301;1;0;0;0;0;0;0;0;0;0;0;0;0
2,862000;-219,880234;228,814926;2280,706055;-0,256466;29,352943;-5,989172;1;-210,742661;244,308884;2276,010986;1;0;0;0;0;0;0;0;0;0;0;0;0
2,897000;-219,882141;228,818085;2280,689941;-0,253339;29,355446;-5,983665;1;-210,736877;244,301163;2275,986572;1;0;0;0;0;0;0;0;0;0;0;0;0
2,931000;-219,885666;228,817276;2280,718750;-0,208303;29,353502;-5,967677;1;-210,733353;244,303757;2275,952148;1;0;0;0;0;0;0;0;0;0;0;0;0
2,966000;-219,884430;228,813660;2280,697510;-0,164614;29,344309;-5,965049;1;-210,743240;244,309174;2276,008301;1;0;0;0;0;0;0;0;0;0;0;0;0
3,000000;-219,881531;228,818466;2280,719238;-0,202740;29,387182;-5,970838;1;-210,738754;244,313309;2276,009521;1;0;0;0;0;0;0;0;0;0;0;0;0
3,034000;-219,878204;228,814087;2280,708008;-0,238321;29,358974;-5,987279;1;-210,742172;244,305649;2276,005859;1;0;0;0;0;0;0;0;0;0;0;0;0
3,069000;-219,884491;228,814972;2280,700195;-0,333625;29,413055;-6,017681;1;-210,737518;244,300552;2275,953613;1;0;0;0;0;0;0;0;0;0;0;0;0
3,103000;-219,883255;228,815247;2280,706787;-0,236349;29,358128;-5,985791;1;-210,737671;244,311920;2276,005127;1;0;0;0;0;0;0;0;0;0;0;0;0
3,138000;-219,885941;228,815125;2280,699707;-0,288861;29,354883;-6,004161;1;-210,737213;244,308380;2276,016602;1;0;0;0;0;0;0;0;0;0;0;0;0
3,172000;-219,878983;228,814255;2280,689453;-0,228098;29,359783;-5,982758;1;-210,743591;244,313339;2275,993652;1;0;0;0;0;0;0;0;0;0;0;0;0
3,207000;-219,881989;228,817581;2280,700195;-0,222035;29,424120;-5,986079;1;-210,742599;244,316284;2275,989990;1;0;0;0;0;0;0;0;0;0;0;0;0
3,241000;-219,876816;228,816818;2280,681885;-0,289498;29,321783;-5,990060;1;-210,739151;244,306259;2275,990479;1;0;0;0;0;0;0;0;0;0;0;0;0
3,276000;-219,881195;228,810944;2280,685059;-0,285275;29,365128;-6,004949;1;-210,741547;244,304718;2275,998535;1;0;0;0;0;0;0;0;0;0;0;0;0
3,310000;-219,882538;228,820206;2280,706787;-0,239222;29,378109;-5,990834;1;-210,734009;244,305511;2275,956787;1;0;0;0;0;0;0;0;0;0;0;0;0
3,345000;-219,878876;228,818008;2280,692383;-0,220646;29,377655;-5,977302;1;-210,738647;244,307083;2275,973145;1;0;0;0;0;0;0;0;0;0;0;0;0
3,379000;-219,881668;228,814728;2280,696289;-0,334654;29,320080;-6,002460;1;-210,738998;244,313599;2275,975342;1;0;0;0;0;0;0;0;0;0;0;0;0
3,414000;-219,882736;228,817245;2280,703857;-0,232833;29,353579;-5,993522;1;-210,737640;244,309296;2276,014893;1;0;0;0;0;0;0;0;0;0;0;0;0
3,448000;-219,883347;228,818390;2280,702393;-0,271412;29,333416;-5,980723;1;-210,737244;244,304840;2275,992676;1;0;0;0;0;0;0;0;0;0;0;0;0
3,483000;-219,880981;228,819809;2280,712158;-0,410932;29,395905;-6,027386;1;-210,745468;244,306290;2275,959717;1;0;0;0;0;0;0;0;0;0;0;0;0
3,517000;-219,885498;228,820450;2280,721436;-0,283701;29,419567;-6,000413;1;-210,742508;244,306412;2276,022461;1;0;0;0;0;0;0;0;0;0;0;0;0
3,552000;-219,882355;228,816559;2280,693848;-0,305633;29,404682;-6,005615;1;-210,743896;244,317337;2276,014893;1;0;0;0;0;0;0;0;0;0;0;0;0
3,586000;-219,881180;228,820007;2280,717041;-0,293568;29,359890;-5,994723;1;-210,733337;244,310654;2276,000488;1;0;0;0;0;0;0;0;0;0;0;0;0
3,621000;-219,883896;228,818741;2280,726318;-0,268819;29,379711;-6,001559;1;-210,740143;244,308182;2276,005127;1;0;0;0;0;0;0;0;0;0;0;0;0
3,655000;-219,882721;228,820557;2280,708984;-0,255499;29,324720;-5,984217;1;-210,740402;244,309067;2275,991699;1;0;0;0;0;0;0;0;0;0;0;0;0
3,690000;-219,882095;228,817352;2280,695801;-0,295870;29,404278;-6,002787;1;-210,742325;244,319763;2276,008057;1;0;0;0;0;0;0;0;0;0;0;0;0
3,724000;-219,881073;228,814331;2280,690430;-0,209353;29,393654;-5,968688;1;-210,743515;244,302475;2275,977295;1;0;0;0;0;0;0;0;0;0;0;0;0
3,759000;-219,883240;228,816025;2280,704102;-0,256064;29,314400;-5,992470;1;-210,741196;244,306610;2275,998779;1;0;0;0;0;0;0;0;0;0;0;0;0
3,793000;-219,883591;228,823090;2280,726318;-0,374098;29,403196;-6,015110;1;-210,744171;244,314331;2275,970947;1;0;0;0;0;0;0;0;0;0;0;0;0
3,828000;-219,884155;228,810928;2280,689697;-0,200783;29,333403;-5,970593;1;-210,737793;244,315323;2276,004395;1;0;0;0;0;0;0;0;0;0;0;0;0
3,862000;-219,882431;228,821274;2280,708008;-0,225626;29,342987;-5,979492;1;-210,746613;244,312225;2276,008301;1;0;0;0;0;0;0;0;0;0;0;0;0
3,897000;-219,883850;228,821182;2280,719727;-0,247775;29,392349;-5,988972;1;-210,738174;244,309280;2275,964111;1;0;0;0;0;0;0;0;0;0;0;0;0
3,931000;-219,882690;228,821533;2280,711426;-0,266448;29,426918;-5,995724;1;-210,741257;244,307419;2276,001221;1;0;0;0;0;0;0;0;0;0;0;0;0
3,966000;-219,881104;228,809753;2280,686279;-0,273952;29,365763;-5,990710;1;-210,735107;244,309891;2275,961670;1;0;0;0;0;0;0;0;0;0;0;0;0
4,000000;-219,880066;228,817688;2280,698975;-0,237569;29,363939;-5,983921;1;-210,735489;244,305359;2275,963623;1;0;0;0;0;0;0;0;0;0;0;0;0
4,034000;-219,872314;228,820114;2280,672852;-0,270087;29,326591;-5,980649;1;-210,737335;244,316940;2276,037354;1;0;0;0;0;0;0;0;0;0;0;0;0
4,069000;-219,849533;228,842148;2280,701416;-0,310310;29,347099;-5,987838;1;-210,713043;244,331482;2275,993408;1;0;0;0;0;0;0;0;0;0;0;0;0
4,103000;-219,801437;228,931747;2280,701416;-0,258067;29,323635;-5,977010;1;-210,663223;244,432617;2276,023926;1;0;0;0;0;0;0;0;0;0;0;0;0
4,138000;-219,607361;229,077087;2280,769531;-0,284424;29,422844;-6,004156;1;-210,472458;244,576981;2276,054443;1;0;0;0;0;0;0;0;0;0;0;0;0
4,172000;-219,391251;229,065674;2281,073242;-0,248965;29,380857;-5,995568;1;-210,253998;244,563904;2276,362305;1;0;0;0;0;0;0;0;0;0;0;0;0
4,207000;-219,108093;228,982727;2281,711426;-0,315247;29,331947;-6,009481;1;-209,964523;244,466919;2276,971436;1;0;0;0;0;0;0;0;0;0;0;0;0
4,241000;-218,843628;228,899384;2282,335938;-0,243009;29,360186;-5,997057;1;-209,698135;244,392014;2277,597412;1;0;0;0;0;0;0;0;0;0;0;0;0
4,276000;-218,430420;228,893021;2282,696777;-0,229863;29,424482;-5,991706;1;-209,300232;244,387253;2277,976563;1;0;0;0;0;0;0;0;0;0;0;0;0
4,310000;-218,101852;228,837631;2283,121338;-0,203364;29,320011;-5,981080;1;-208,969635;244,321198;2278,408447;1;0;0;0;0;0;0;0;0;0;0;0;0
4,345000;-217,788132;228,772064;2283,736084;-0,273948;29,312798;-5,998601;1;-208,654388;244,267807;2279,023926;1;0;0;0;0;0;0;0;0;0;0;0;0
4,379000;-217,447220;228,793472;2284,378906;-0,183325;29,378399;-5,980980;1;-208,302811;244,276596;2279,661377;1;0;0;0;0;0;0;0;0;0;0;0;0
4,414000;-217,155289;228,752029;2284,907227;-0,296099;29,410194;-6,011388;1;-208,013885;244,240341;2280,200928;1;0;0;0;0;0;0;0;0;0;0;0;0
4,448000;-216,770889;228,730850;2285,304932;-0,253499;29,431555;-6,004146;1;-207,641953;244,227203;2280,632568;1;0;0;0;0;0;0;0;0;0;0;0;0
4,483000;-216,428467;228,701385;2285,823730;-0,295370;29,401075;-6,018975;1;-207,290222;244,200790;2281,155762;1;0;0;0;0;0;0;0;0;0;0;0;0
4,517000;-216,123199;228,655273;2286,399414;-0,377426;29,411850;-6,038771;1;-206,989639;244,147736;2281,668701;1;0;0;0;0;0;0;0;0;0;0;0;0
4,552000;-215,775970;228,666183;2286,939941;-0,255018;29,423203;-6,008857;1;-206,637833;244,161865;2282,236572;1;0;0;0;0;0;0;0;0;0;0;0;0
4,586000;-215,431412;228,641861;2287,444092;-0,281965;29,444942;-6,014379;1;-206,289246;244,136246;2282,702148;1;0;0;0;0;0;0;0;0;0;0;0;0
4,621000;-215,112350;228,594772;2287,906738;-0,262795;29,413704;-6,016740;1;-205,977264;244,096375;2283,164795;1;0;0;0;0;0;0;0;0;0;0;0;0
4,655000;-214,753738;228,566788;2288,426270;-0,270245;29,393576;-6,024378;1;-205,606247;244,062332;2283,656006;1;0;0;0;0;0;0;0;0;0;0;0;0
4,690000;-214,428757;228,549072;2289,002686;-0,249420;29,464285;-6,007668;1;-205,289444;244,041458;2284,254150;1;0;0;0;0;0;0;0;0;0;0;0;0
4,724000;-214,492844;228,344452;2289,181396;-0,287545;29,381599;-6,007312;1;-205,351257;243,838776;2284,440918;1;0;0;0;0;0;0;0;0;0;0;0;0
4,759000;-214,225998;228,579239;2288,940918;-0,261733;29,423693;-6,022017;1;-205,082764;244,073639;2284,229736;1;0;0;0;0;0;0;0;0;0;0;0;0
4,793000;-214,286758;228,599686;2289,227295;-0,272187;29,386845;-6,014046;1;-205,147995;244,102051;2284,509277;1;0;0;0;0;0;0;0;0;0;0;0;0
4,828000;-214,353653;228,461746;2289,199463;-0,241051;29,431149;-6,001740;1;-205,212189;243,957596;2284,474609;1;0;0;0;0;0;0;0;0;0;0;0;0
4,862000;-214,293716;228,558014;2289,271729;-0,227502;29,498850;-6,013290;1;-205,142868;244,044785;2284,486572;1;0;0;0;0;0;0;0;0;0;0;0;0
4,897000;-214,240555;228,595856;2289,071777;-0,246805;29,451687;-6,002869;1;-205,101196;244,083893;2284,310303;1;0;0;0;0;0;0;0;0;0;0;0;0
4,931000;-214,350006;228,466522;2289,196777;-0,297345;29,375444;-6,019047;1;-205,201065;243,955170;2284,401611;1;0;0;0;0;0;0;0;0;0;0;0;0
4,966000;-214,253525;228,579376;2289,232666;-0,211310;29,410131;-5,998539;1;-205,112350;244,063385;2284,511963;1;0;0;0;0;0;0;0;0;0;0;0;0
5,000000;-214,312637;228,568634;2289,238281;-0,262568;29,481186;-6,022890;1;-205,164078;244,056656;2284,467041;1;0;0;0;0;0;0;0;0;0;0;0;0
5,034000;-214,337219;228,463181;2289,108887;-0,303770;29,457701;-6,014821;1;-205,191925;243,957016;2284,373047;1;0;0;0;0;0;0;0;0;0;0;0;0
5,069000;-214,400009;228,440430;2289,175049;-0,299649;29,426392;-6,009662;1;-205,256622;243,927277;2284,436768;1;0;0;0;0;0;0;0;0;0;0;0;0
5,103000;-214,626770;228,301041;2289,122559;-0,253623;29,357803;-5,993355;1;-205,482590;243,795013;2284,397949;1;0;0;0;0;0;0;0;0;0;0;0;0
5,138000;-214,838150;228,051849;2288,708008;-0,215076;29,390659;-5,975539;1;-205,703247;243,559174;2284,022705;1;0;0;0;0;0;0;0;0;0;0;0;0
5,172000;-215,151672;228,044327;2288,052734;-0,255108;29,504372;-5,982768;1;-206,020416;243,542236;2283,335938;1;0;0;0;0;0;0;0;0;0;0;0;0
5,207000;-215,429276;228,305649;2287,488525;-0,103994;29,396315;-5,938936;1;-206,289032;243,802963;2282,813232;1;0;0;0;0;0;0;0;0;0;0;0;0
5,241000;-215,808685;228,336212;2287,220947;-0,200436;29,393620;-5,962196;1;-206,673767;243,834717;2282,504395;1;0;0;0;0;0;0;0;0;0;0;0;0
5,276000;-216,162231;228,250946;2286,711670;-0,350179;29,392603;-6,007237;1;-207,034302;243,745834;2282,007080;1;0;0;0;0;0;0;0;0;0;0;0;0
5,310000;-216,465271;228,343964;2286,109131;-0,266622;29,391359;-5,991770;1;-207,328827;243,840302;2281,400391;1;0;0;0;0;0;0;0;0;0;0;0;0
5,345000;-216,749878;228,476898;2285,418213;-0,222150;29,402397;-5,989150;1;-207,609604;243,973175;2280,683594;1;0;0;0;0;0;0;0;0;0;0;0;0
5,379000;-217,145874;228,428085;2285,005859;-0,275697;29,447374;-5,981770;1;-208,003326;243,918854;2280,294189;1;0;0;0;0;0;0;0;0;0;0;0;0
5,414000;-217,469742;228,450455;2284,588135;-0,299759;29,401783;-6,014157;1;-208,322418;243,959000;2279,874268;1;0;0;0;0;0;0;0;0;0;0;0;0
5,448000;-217,809738;228,503159;2284,051514;-0,203919;29,347759;-5,971599;1;-208,677094;244,008591;2279,322021;1;0;0;0;0;0;0;0;0;0;0;0;0
5,483000;-218,116379;228,562485;2283,437988;-0,164685;29,385239;-5,967316;1;-208,979568;244,057587;2278,696045;1;0;0;0;0;0;0;0;0;0;0;0;0
5,517000;-218,451370;228,546967;2282,890381;-0,190931;29,446348;-5,972212;1;-209,309631;244,040176;2278,187256;1;0;0;0;0;0;0;0;0;0;0;0;0
5,552000;-218,807648;228,568802;2282,446289;-0,318592;29,332794;-5,986437;1;-209,661438;244,065613;2277,683838;1;0;0;0;0;0;0;0;0;0;0;0;0
5,586000;-219,155609;228,632477;2281,962891;-0,275384;29,315371;-5,990470;1;-210,017914;244,129730;2277,240234;1;0;0;0;0;0;0;0;0;0;0;0;0
5,621000;-219,479263;228,663483;2281,387451;-0,203141;29,355713;-5,961290;1;-210,347321;244,152435;2276,651855;1;0;0;0;0;0;0;0;0;0;0;0;0
5,655000;-219,828094;228,663315;2280,870361;-0,250396;29,416922;-5,975629;1;-210,691956;244,153107;2276,153564;1;0;0;0;0;0;0;0;0;0;0;0;0
5,690000;-220,163574;228,675385;2280,322510;-0,204547;29,391335;-5,955176;1;-211,021332;244,170486;2275,602051;1;0;0;0;0;0;0;0;0;0;0;0;0
5,724000;-220,487579;228,717682;2279,843506;-0,385041;29,303932;-6,013179;1;-211,350006;244,218414;2275,157227;1;0;0;0;0;0;0;0;0;0;0;0;0
5,759000;-220,835419;228,718109;2279,339111;-0,241843;29,305935;-5,972375;1;-211,696289;244,211487;2274,648438;1;0;0;0;0;0;0;0;0;0;0;0;0
5,793000;-221,171616;228,751373;2278,793457;-0,246683;29,377739;-5,981417;1;-212,038269;244,252380;2274,111572;1;0;0;0;0;0;0;0;0;0;0;0;0
5,828000;-221,494080;228,779221;2278,259033;-0,373263;29,360077;-6,008588;1;-212,338257;244,275406;2273,536621;1;0;0;0;0;0;0;0;0;0;0;0;0
5,862000;-221,828049;228,782883;2277,770264;-0,305623;29,301983;-6,014946;1;-212,685120;244,280838;2273,057617;1;0;0;0;0;0;0;0;0;0;0;0;0
5,897000;-222,182678;228,796692;2277,246094;-0,340523;29,333364;-6,016598;1;-213,041946;244,293381;2272,529541;1;0;0;0;0;0;0;0;0;0;0;0;0
5,931000;-222,510803;228,841675;2276,729248;-0,330460;29,352715;-6,004814;1;-213,373947;244,346115;2272,056641;1;0;0;0;0;0;0;0;0;0;0;0;0
5,966000;-222,843079;228,882141;2276,212891;-0,394651;29,357010;-6,020010;1;-213,698715;244,381317;2271,503174;1;0;0;0;0;0;0;0;0;0;0;0;0
6,000000;-223,179947;228,888596;2275,677246;-0,390731;29,314861;-6,023020;1;-214,035950;244,385132;2270,951660;1;0;0;0;0;0;0;0;0;0;0;0;0
6,034000;-223,509140;228,911148;2275,156006;-0,296555;29,295668;-5,997499;1;-214,375381;244,404327;2270,464355;1;0;0;0;0;0;0;0;0;0;0;0;0
6,069000;-223,831726;228,936768;2274,640137;-0,337063;29,386909;-6,017598;1;-214,703262;244,436127;2269,922607;1;0;0;0;0;0;0;0;0;0;0;0;0
6,103000;-224,180786;228,966690;2274,076660;-0,388180;29,360197;-6,020615;1;-215,045212;244,458664;2269,416016;1;0;0;0;0;0;0;0;0;0;0;0;0
6,138000;-224,520493;228,973007;2273,576172;-0,372955;29,343681;-6,019636;1;-215,376999;244,464752;2268,879883;1;0;0;0;0;0;0;0;0;0;0;0;0
6,172000;-224,842484;229,003006;2273,032227;-0,326297;29,347242;-6,018583;1;-215,700226;244,484802;2268,322266;1;0;0;0;0;0;0;0;0;0;0;0;0
6,207000;-225,187714;229,030334;2272,530273;-0,299451;29,309923;-5,995028;1;-216,054245;244,516022;2267,835693;1;0;0;0;0;0;0;0;0;0;0;0;0
6,241000;-225,516846;229,053162;2272,024170;-0,258701;29,377380;-6,002184;1;-216,387650;244,535950;2267,358398;1;0;0;0;0;0;0;0;0;0;0;0;0
6,276000;-225,841812;229,083450;2271,507324;-0,341485;29,404001;-6,014671;1;-216,698257;244,563248;2266,770996;1;0;0;0;0;0;0;0;0;0;0;0;0
6,310000;-226,200256;229,070724;2270,953369;-0,320097;29,359688;-6,026965;1;-217,067291;244,551041;2266,263672;1;0;0;0;0;0;0;0;0;0;0;0;0
6,345000;-226,542114;229,104614;2270,450195;-0,235448;29,392172;-5,987202;1;-217,404358;244,582443;2265,736084;1;0;0;0;0;0;0;0;0;0;0;0;0
6,379000;-226,859116;229,128174;2269,935059;-0,225824;29,401741;-5,985955;1;-217,719009;244,610733;2265,230225;1;0;0;0;0;0;0;0;0;0;0;0;0
6,414000;-227,210968;229,155075;2269,443848;-0,239164;29,431162;-5,999907;1;-218,072937;244,633102;2264,714355;1;0;0;0;0;0;0;0;0;0;0;0;0
6,448000;-227,547409;229,163284;2268,939941;-0,289047;29,366808;-6,001615;1;-218,404251;244,641525;2264,193359;1;0;0;0;0;0;0;0;0;0;0;0;0
6,483000;-227,864182;229,169617;2268,394775;-0,253214;29,369560;-5,981641;1;-218,716232;244,653809;2263,695557;1;0;0;0;0;0;0;0;0;0;0;0;0
6,517000;-228,219437;229,181152;2267,886719;-0,227274;29,438900;-5,984717;1;-219,076050;244,664108;2263,171387;1;0;0;0;0;0;0;0;0;0;0;0;0
6,552000;-228,547989;229,207474;2267,345459;-0,305137;29,447725;-6,018457;1;-219,396133;244,696411;2262,642334;1;0;0;0;0;0;0;0;0;0;0;0;0
6,586000;-228,854721;229,256317;2266,826660;-0,226383;29,403275;-5,975968;1;-219,700638;244,743744;2262,104004;1;0;0;0;0;0;0;0;0;0;0;0;0
6,621000;-229,201157;229,262756;2266,318115;-0,280314;29,407824;-6,006406;1;-220,067459;244,756393;2261,642334;1;0;0;0;0;0;0;0;0;0;0;0;0
6,655000;-229,547501;229,287674;2265,768799;-0,269463;29,333805;-5,980012;1;-220,401459;244,780304;2261,077393;1;0;0;0;0;0;0;0;0;0;0;0;0
6,690000;-229,868973;229,303604;2265,255371;-0,220440;29,438017;-5,972037;1;-220,722290;244,785294;2260,523926;1;0;0;0;0;0;0;0;0;0;0;0;0
6,724000;-230,234451;229,330124;2264,743652;-0,359611;29,417850;-6,014835;1;-221,078156;244,816788;2259,965332;1;0;0;0;0;0;0;0;0;0;0;0;0
6,759000;-230,568695;229,328766;2264,194580;-0,133371;29,354832;-5,948828;1;-221,421524;244,822800;2259,471680;1;0;0;0;0;0;0;0;0;0;0;0;0
6,793000;-230,886765;229,355438;2263,699707;-0,204110;29,436047;-5,967375;1;-221,737549;244,848175;2258,996582;1;0;0;0;0;0;0;0;0;0;0;0;0
6,828000;-231,223053;229,373123;2263,171387;-0,265120;29,416050;-5,973510;1;-222,074951;244,865219;2258,463623;1;0;0;0;0;0;0;0;0;0;0;0;0
6,862000;-231,574509;229,379074;2262,623535;-0,243982;29,396677;-5,980590;1;-222,427765;244,861069;2257,929199;1;0;0;0;0;0;0;0;0;0;0;0;0
6,897000;-231,899918;229,404480;2262,139893;-0,338156;29,339207;-6,003402;1;-222,758179;244,906937;2257,454834;1;0;0;0;0;0;0;0;0;0;0;0;0
6,931000;-232,237396;229,413132;2261,615234;-0,164582;29,388573;-5,953355;1;-223,098862;244,906799;2256,894287;1;0;0;0;0;0;0;0;0;0;0;0;0
6,966000;-232,593140;229,424103;2261,099609;-0,251623;29,387804;-5,983472;1;-223,459610;244,917191;2256,425049;1;0;0;0;0;0;0;0;0;0;0;0;0
7,000000;-232,918808;229,442917;2260,582031;-0,294576;29,437910;-5,990916;1;-223,784332;244,938766;2255,897705;1;0;0;0;0;0;0;0;0;0;0;0;0
7,034000;-233,259399;229,493866;2260,063232;-0,173578;29,399330;-5,968274;1;-224,124512;244,990967;2255,397461;1;0;0;0;0;0;0;0;0;0;0;0;0
7,069000;-233,605865;229,491455;2259,552002;-0,268808;29,368570;-5,977305;1;-224,473175;244,989075;2254,844238;1;0;0;0;0;0;0;0;0;0;0;0;0
7,103000;-233,931152;229,505569;2259,021973;-0,295847;29,427010;-5,985852;1;-224,799652;245,017349;2254,373047;1;0;0;0;0;0;0;0;0;0;0;0;0
7,138000;-234,256088;229,516556;2258,479980;-0,293530;29,495731;-6,002261;1;-225,140518;245,030563;2253,818115;1;0;0;0;0;0;0;0;0;0;0;0;0
7,172000;-234,604706;229,521973;2257,950439;-0,306845;29,432081;-5,997088;1;-225,471741;245,033951;2253,267822;1;0;0;0;0;0;0;0;0;0;0;0;0
7,207000;-234,934799;229,554794;2257,445557;-0,221466;29,413059;-5,981390;1;-225,803864;245,067902;2252,748779;1;0;0;0;0;0;0;0;0;0;0;0;0
7,241000;-235,266876;229,589157;2256,919434;-0,160615;29,457554;-5,967477;1;-226,141327;245,091888;2252,221436;1;0;0;0;0;0;0;0;0;0;0;0;0
7,276000;-235,614182;229,588959;2256,368164;-0,241746;29,505373;-5,982121;1;-226,480591;245,103470;2251,650635;1;0;0;0;0;0;0;0;0;0;0;0;0
7,310000;-235,939987;229,606796;2255,823486;-0,194296;29,430927;-5,979771;1;-226,805115;245,108047;2251,108154;1;0;0;0;0;0;0;0;0;0;0;0;0
7,345000;-236,263184;229,649780;2255,339844;-0,197477;29,422680;-5,966322;1;-227,132767;245,158463;2250,619385;1;0;0;0;0;0;0;0;0;0;0;0;0
7,379000;-236,613968;229,642838;2254,841064;-0,153228;29,417383;-5,968679;1;-227,477921;245,146881;2250,115723;1;0;0;0;0;0;0;0;0;0;0;0;0
7,414000;-236,955246;229,670624;2254,281738;-0,117845;29,449820;-5,953028;1;-227,822403;245,165482;2249,573730;1;0;0;0;0;0;0;0;0;0;0;0;0
7,448000;-237,292084;229,693848;2253,785889;-0,259693;29,441349;-5,976003;1;-228,155746;245,186508;2249,041992;1;0;0;0;0;0;0;0;0;0;0;0;0
7,483000;-237,624802;229,715805;2253,273438;-0,184431;29,398695;-5,971440;1;-228,485565;245,217621;2248,567871;1;0;0;0;0;0;0;0;0;0;0;0;0
7,517000;-237,970016;229,736496;2252,760986;-0,322261;29,467157;-5,999449;1;-228,837509;245,225128;2248,016602;1;0;0;0;0;0;0;0;0;0;0;0;0
7,552000;-238,310425;229,748779;2252,249512;-0,257987;29,366005;-5,991339;1;-229,178558;245,241821;2247,543701;1;0;0;0;0;0;0;0;0;0;0;0;0
7,586000;-238,639038;229,762543;2251,749268;-0,236248;29,424561;-5,991304;1;-229,496521;245,248749;2246,991699;1;0;0;0;0;0;0;0;0;0;0;0;0
7,621000;-238,980911;229,776855;2251,202637;-0,231453;29,403837;-5,968902;1;-229,843643;245,259293;2246,469482;1;0;0;0;0;0;0;0;0;0;0;0;0
7,655000;-239,322266;229,808624;2250,716309;-0,230867;29,334539;-5,971551;1;-230,178650;245,293045;2245,962402;1;0;0;0;0;0;0;0;0;0;0;0;0
7,690000;-239,630646;229,822144;2250,163574;-0,252221;29,388435;-5,978795;1;-230,497299;245,310181;2245,424316;1;0;0;0;0;0;0;0;0;0;0;0;0
7,724000;-239,969681;229,845795;2249,622314;-0,338014;29,344036;-5,989775;1;-230,835327;245,330048;2244,904053;1;0;0;0;0;0;0;0;0;0;0;0;0
7,759000;-240,319580;229,857803;2249,091553;-0,191667;29,355518;-5,962075;1;-231,183594;245,349945;2244,350342;1;0;0;0;0;0;0;0;0;0;0;0;0
7,793000;-240,640472;229,903915;2248,567627;-0,205930;29,360992;-5,945281;1;-231,502029;245,392776;2243,830566;1;0;0;0;0;0;0;0;0;0;0;0;0
7,828000;-240,981415;229,912842;2248,032715;-0,230521;29,416914;-5,985811;1;-231,850632;245,398117;2243,321045;1;0;0;0;0;0;0;0;0;0;0;0;0
7,862000;-241,328079;229,914078;2247,496582;-0,263382;29,372450;-5,994849;1;-232,189362;245,398819;2242,769043;1;0;0;0;0;0;0;0;0;0;0;0;0
7,897000;-241,624435;229,953857;2246,963867;-0,224731;29,314655;-5,960923;1;-232,486481;245,433456;2242,245850;1;0;0;0;0;0;0;0;0;0;0;0;0
7,931000;-241,968369;229,969055;2246,458496;-0,168253;29,355230;-5,972948;1;-232,831848;245,462280;2241,757080;1;0;0;0;0;0;0;0;0;0;0;0;0
7,966000;-242,320404;229,994247;2245,959473;-0,257516;29,354538;-5,982680;1;-233,189377;245,479065;2241,222900;1;0;0;0;0;0;0;0;0;0;0;0;0
8,000000;-242,641830;230,006332;2245,394287;-0,299674;29,361866;-6,001839;1;-233,509628;245,484375;2240,663330;1;0;0;0;0;0;0;0;0;0;0;0;0
8,034000;-242,970642;230,031815;2244,894287;-0,321540;29,409412;-6,019893;1;-233,835648;245,508560;2240,159424;1;0;0;0;0;0;0;0;0;0;0;0;0
8,069000;-243,318634;230,029587;2244,399414;-0,237834;29,340328;-5,989660;1;-234,186707;245,522354;2239,662598;1;0;0;0;0;0;0;0;0;0;0;0;0
8,103000;-243,646484;230,068329;2243,858398;-0,209069;29,393221;-5,998332;1;-234,509354;245,549103;2239,140381;1;0;0;0;0;0;0;0;0;0;0;0;0
8,138000;-243,987839;230,081421;2243,351074;-0,267121;29,406168;-5,999628;1;-234,847672;245,555817;2238,631348;1;0;0;0;0;0;0;0;0;0;0;0;0
8,172000;-244,324875;230,083206;2242,812012;-0,272693;29,379881;-5,995159;1;-235,178452;245,553635;2238,062256;1;0;0;0;0;0;0;0;0;0;0;0;0
8,207000;-244,669357;230,094055;2242,278809;-0,150678;29,309038;-5,959578;1;-235,521973;245,565918;2237,532227;1;0;0;0;0;0;0;0;0;0;0;0;0
8,241000;-244,997330;230,126724;2241,777832;-0,206207;29,330034;-5,968320;1;-235,864929;245,597153;2237,066162;1;0;0;0;0;0;0;0;0;0;0;0;0
8,276000;-245,319916;230,134964;2241,239502;-0,193803;29,356318;-5,988104;1;-236,174210;245,611725;2236,510254;1;0;0;0;0;0;0;0;0;0;0;0;0
8,310000;-245,659805;230,136597;2240,701660;-0,274199;29,371145;-5,989170;1;-236,519150;245,610443;2235,951904;1;0;0;0;0;0;0;0;0;0;0;0;0
8,345000;-246,000275;230,164917;2240,189453;-0,227855;29,310005;-5,977754;1;-236,850433;245,647110;2235,433838;1;0;0;0;0;0;0;0;0;0;0;0;0
8,379000;-246,324951;230,178146;2239,642578;-0,146672;29,351772;-5,959032;1;-237,181549;245,662582;2234,944336;1;0;0;0;0;0;0;0;0;0;0;0;0
8,414000;-246,660995;230,188232;2239,125732;-0,250334;29,378313;-5,984495;1;-237,522537;245,679230;2234,397461;1;0;0;0;0;0;0;0;0;0;0;0;0
8,448000;-246,999023;230,197922;2238,579102;-0,235953;29,305931;-5,985155;1;-237,844162;245,687775;2233,806152;1;0;0;0;0;0;0;0;0;0;0;0;0
8,483000;-247,326935;230,230255;2238,082275;-0,212748;29,356098;-5,963613;1;-238,173386;245,712418;2233,307373;1;0;0;0;0;0;0;0;0;0;0;0;0
8,517000;-247,682114;230,217682;2237,562988;-0,289291;29,345608;-5,999678;1;-238,537094;245,719421;2232,854004;1;0;0;0;0;0;0;0;0;0;0;0;0
8,552000;-248,022278;230,253159;2237,057129;-0,292958;29,398302;-5,989479;1;-238,877304;245,754211;2232,357666;1;0;0;0;0;0;0;0;0;0;0;0;0
8,586000;-248,330185;230,279480;2236,516602;-0,349841;29,363541;-6,007947;1;-239,185440;245,778946;2231,812012;1;0;0;0;0;0;0;0;0;0;0;0;0
8,621000;-248,684692;230,291138;2236,016113;-0,344869;29,371637;-5,988141;1;-239,532104;245,792938;2231,300537;1;0;0;0;0;0;0;0;0;0;0;0;0
8,655000;-249,035934;230,295609;2235,487549;-0,248448;29,423990;-5,975082;1;-239,886230;245,790268;2230,760742;1;0;0;0;0;0;0;0;0;0;0;0;0
8,690000;-249,359344;230,317673;2234,955811;-0,331894;29,376783;-5,998155;1;-240,221802;245,819138;2230,244873;1;0;0;0;0;0;0;0;0;0;0;0;0
8,724000;-249,688751;230,337753;2234,464600;-0,279412;29,425972;-5,985290;1;-240,552841;245,838547;2229,754639;1;0;0;0;0;0;0;0;0;0;0;0;0
8,759000;-250,023590;230,333038;2233,934570;-0,232420;29,329239;-5,979758;1;-240,889420;245,828018;2229,205322;1;0;0;0;0;0;0;0;0;0;0;0;0
8,793000;-250,358109;230,367447;2233,431396;-0,239482;29,386797;-5,985748;1;-241,219086;245,857285;2228,696289;1;0;0;0;0;0;0;0;0;0;0;0;0
8,828000;-250,697739;230,387390;2232,880371;-0,307180;29,396639;-5,988801;1;-241,580231;245,893524;2228,239746;1;0;0;0;0;0;0;0;0;0;0;0;0
8,862000;-251,033829;230,417572;2232,347656;-0,396040;29,395447;-6,019768;1;-241,900070;245,912872;2227,630371;1;0;0;0;0;0;0;0;0;0;0;0;0
8,897000;-251,371368;230,420792;2231,801025;-0,241957;29,380537;-5,987179;1;-242,246719;245,922668;2227,166016;1;0;0;0;0;0;0;0;0;0;0;0;0
8,931000;-251,713455;230,454346;2231,334961;-0,264431;29,372389;-5,984771;1;-242,583115;245,954910;2226,651855;1;0;0;0;0;0;0;0;0;0;0;0;0
8,966000;-252,039398;230,465195;2230,784424;-0,239638;29,396307;-5,982065;1;-242,903915;245,970703;2226,125488;1;0;0;0;0;0;0;0;0;0;0;0;0
9,000000;-252,370178;230,493988;2230,244629;-0,315998;29,399323;-6,004985;1;-243,237793;245,995438;2225,579834;1;0;0;0;0;0;0;0;0;0;0;0;0
9,034000;-252,712112;230,510132;2229,712402;-0,349489;29,371405;-5,997159;1;-243,582016;246,008942;2225,032959;1;0;0;0;0;0;0;0;0;0;0;0;0
9,069000;-253,033066;230,523102;2229,187256;-0,242006;29,403145;-5,984302;1;-243,910187;246,037552;2224,553955;1;0;0;0;0;0;0;0;0;0;0;0;0
9,103000;-253,376236;230,541748;2228,692139;-0,372414;29,442108;-6,014914;1;-244,248245;246,044800;2224,033447;1;0;0;0;0;0;0;0;0;0;0;0;0
9,138000;-253,710480;230,566177;2228,168457;-0,332218;29,419666;-6,013082;1;-244,582108;246,066406;2223,496338;1;0;0;0;0;0;0;0;0;0;0;0;0
9,172000;-254,032944;230,605118;2227,637207;-0,300972;29,430441;-6,009680;1;-244,901123;246,104889;2222,952637;1;0;0;0;0;0;0;0;0;0;0;0;0
9,207000;-254,402054;230,612976;2227,169678;-0,256010;29,416098;-5,974482;1;-245,271759;246,110184;2222,461670;1;0;0;0;0;0;0;0;0;0;0;0;0
9,241000;-254,744217;230,639938;2226,625977;-0,323923;29,413540;-6,000831;1;-245,620621;246,153976;2221,994141;1;0;0;0;0;0;0;0;0;0;0;0;0
9,276000;-255,057663;230,655029;2226,088623;-0,437060;29,433184;-6,021539;1;-245,931808;246,155563;2221,422363;1;0;0;0;0;0;0;0;0;0;0;0;0
9,310000;-255,394562;230,689804;2225,604736;-0,331999;29,339525;-6,004979;1;-246,263779;246,195633;2220,929199;1;0;0;0;0;0;0;0;0;0;0;0;0
9,345000;-255,742661;230,694794;2225,093018;-0,286624;29,337055;-5,981697;1;-246,606384;246,188934;2220,370117;1;0;0;0;0;0;0;0;0;0;0;0;0
9,379000;-256,074615;230,713898;2224,571533;-0,285682;29,409849;-5,983317;1;-246,945831;246,213623;2219,895752;1;0;0;0;0;0;0;0;0;0;0;0;0
9,414000;-256,402771;230,741013;2224,024170;-0,279887;29,425760;-6,010581;1;-247,281067;246,238815;2219,381592;1;0;0;0;0;0;0;0;0;0;0;0;0
9,448000;-256,725647;230,783386;2223,472168;-0,300655;29,471266;-6,025185;1;-247,602036;246,275955;2218,803955;1;0;0;0;0;0;0;0;0;0;0;0;0
9,483000;-257,073364;230,800125;2222,974854;-0,281987;29,400976;-6,000880;1;-247,941513;246,302399;2218,306641;1;0;0;0;0;0;0;0;0;0;0;0;0
9,517000;-257,407471;230,821320;2222,460205;-0,273818;29,444904;-6,002661;1;-248,276306;246,319290;2217,766357;1;0;0;0;0;0;0;0;0;0;0;0;0
9,552000;-257,727081;230,848907;2221,901611;-0,263196;29,414381;-5,998195;1;-248,604156;246,342346;2217,246826;1;0;0;0;0;0;0;0;0;0;0;0;0
9,586000;-258,069061;230,874252;2221,372314;-0,132420;29,438269;-5,956436;1;-248,942657;246,382492;2216,693359;1;0;0;0;0;0;0;0;0;0;0;0;0
9,621000;-258,408020;230,905426;2220,850830;-0,207413;29,368252;-5,982308;1;-249,281052;246,404587;2216,188721;1;0;0;0;0;0;0;0;0;0;0;0;0
9,655000;-258,725494;230,923447;2220,344482;-0,316293;29,403534;-5,997950;1;-249,599777;246,428513;2215,656494;1;0;0;0;0;0;0;0;0;0;0;0;0
9,690000;-258,710358;231,135330;2220,131836;-0,244949;29,418028;-6,002095;1;-249,572083;246,638077;2215,454590;1;0;0;0;0;0;0;0;0;0;0;0;0
9,724000;-258,972076;230,901276;2220,345703;-0,170202;29,418161;-5,969894;1;-249,842911;246,412979;2215,644775;1;0;0;0;0;0;0;0;0;0;0;0;0
9,759000;-258,880096;230,859909;2220,083252;-0,195379;29,374752;-5,993481;1;-249,750839;246,357956;2215,368896;1;0;0;0;0;0;0;0;0;0;0;0;0
9,793000;-258,826569;230,996765;2220,010254;-0,277907;29,388546;-5,991741;1;-249,694778;246,503738;2215,321045;1;0;0;0;0;0;0;0;0;0;0;0;0
9,828000;-258,889313;230,936142;2219,986084;-0,230512;29,385735;-5,988838;1;-249,761581;246,433670;2215,313477;1;0;0;0;0;0;0;0;0;0;0;0;0
9,862000;-258,906647;230,867264;2220,130127;-0,263280;29,384775;-5,995267;1;-249,780991;246,369370;2215,458496;1;0;0;0;0;0;0;0;0;0;0;0;0
9,897000;-258,865906;230,969757;2220,095215;-0,256406;29,325653;-5,991475;1;-249,735413;246,472900;2215,431885;1;0;0;0;0;0;0;0;0;0;0;0;0
9,931000;-258,901337;230,934158;2219,963379;-0,256601;29,395226;-5,999880;1;-249,773453;246,446457;2215,332520;1;0;0;0;0;0;0;0;0;0;0;0;0
9,966000;-258,871979;230,884033;2219,988037;-0,252628;29,405521;-5,993127;1;-249,742447;246,384186;2215,314453;1;0;0;0;0;0;0;0;0;0;0;0;0
10,000000;-258,875183;230,950363;2220,093994;-0,272652;29,382092;-5,997776;1;-249,750183;246,454788;2215,418945;1;0;0;0;0;0;0;0;0;0;0;0;0
10,034000;-258,929474;230,951523;2220,088623;-0,210407;29,393627;-5,990642;1;-249,798859;246,449463;2215,430908;1;0;0;0;0;0;0;0;0;0;0;0;0
10,069000;-258,879486;230,906296;2220,029297;-0,298059;29,366282;-6,006625;1;-249,740784;246,413544;2215,329590;1;0;0;0;0;0;0;0;0;0;0;0;0
10,103000;-258,878113;230,915039;2219,976807;-0,287246;29,391407;-6,002320;1;-249,751785;246,415634;2215,337158;1;0;0;0;0;0;0;0;0;0;0;0;0
10,138000;-258,904053;230,957047;2220,028320;-0,239269;29,408667;-5,993228;1;-249,777649;246,460785;2215,368408;1;0;0;0;0;0;0;0;0;0;0;0;0
10,172000;-258,914276;230,920227;2220,110107;-0,221380;29,360651;-5,980746;1;-249,775101;246,418625;2215,395996;1;0;0;0;0;0;0;0;0;0;0;0;0
10,207000;-258,884186;230,912979;2220,031738;-0,187968;29,384672;-5,972254;1;-249,751404;246,421417;2215,364014;1;0;0;0;0;0;0;0;0;0;0;0;0
10,241000;-258,902069;230,940781;2219,995850;-0,213615;29,354935;-5,982770;1;-249,765671;246,444504;2215,294189;1;0;0;0;0;0;0;0;0;0;0;0;0
10,276000;-258,877014;230,936234;2220,027100;-0,266635;29,375790;-5,995569;1;-249,751999;246,439453;2215,370850;1;0;0;0;0;0;0;0;0;0;0;0;0
10,310000;-258,916473;230,906326;2220,097656;-0,247245;29,371124;-5,991354;1;-249,777557;246,408722;2215,410156;1;0;0;0;0;0;0;0;0;0;0;0;0
10,345000;-258,895172;230,951569;2220,027100;-0,317400;29,357153;-6,015086;1;-249,759476;246,444748;2215,337891;1;0;0;0;0;0;0;0;0;0;0;0;0
10,379000;-258,883881;230,937363;2220,013672;-0,243308;29,378426;-5,993896;1;-249,753754;246,434631;2215,354980;1;0;0;0;0;0;0;0;0;0;0;0;0
10,414000;-258,892944;230,909225;2220,036377;-0,187846;29,407198;-5,972513;1;-249,764801;246,411987;2215,380127;1;0;0;0;0;0;0;0;0;0;0;0;0
10,448000;-258,920349;230,937729;2220,083008;-0,229133;29,369905;-5,987939;1;-249,789230;246,440826;2215,394775;1;0;0;0;0;0;0;0;0;0;0;0;0
10,483000;-258,886383;230,948532;2220,030762;-0,218485;29,386063;-5,988119;1;-249,752670;246,454224;2215,375488;1;0;0;0;0;0;0;0;0;0;0;0;0
10,517000;-258,898895;230,904602;2220,026367;-0,203836;29,366688;-5,971798;1;-249,767700;246,400406;2215,353271;1;0;0;0;0;0;0;0;0;0;0;0;0
10,552000;-258,897827;230,939560;2220,030762;-0,262454;29,358185;-5,998530;1;-249,765961;246,432602;2215,338623;1;0;0;0;0;0;0;0;0;0;0;0;0
10,586000;-258,904175;230,947479;2220,065186;-0,204136;29,379389;-5,982430;1;-249,766571;246,446823;2215,385254;1;0;0;0;0;0;0;0;0;0;0;0;0
10,621000;-258,901520;230,913025;2220,061768;-0,230276;29,415575;-5,985640;1;-249,773438;246,411880;2215,372803;1;0;0;0;0;0;0;0;0;0;0;0;0
10,655000;-258,895569;230,924500;2220,016357;-0,234448;29,364798;-5,986592;1;-249,769577;246,428055;2215,367676;1;0;0;0;0;0;0;0;0;0;0;0;0
10,690000;-258,885101;230,948074;2219,998535;-0,257131;29,364340;-5,984468;1;-249,749603;246,452728;2215,324951;1;0;0;0;0;0;0;0;0;0;0;0;0
10,724000;-258,910706;230,908157;2220,055176;-0,253744;29,468445;-5,998490;1;-249,780823;246,416412;2215,391113;1;0;0;0;0;0;0;0;0;0;0;0;0
10,759000;-258,899078;230,928146;2220,039551;-0,227277;29,373259;-5,984074;1;-249,768860;246,425385;2215,340820;1;0;0;0;0;0;0;0;0;0;0;0;0
10,793000;-258,889069;230,948944;2220,027344;-0,226308;29,383207;-5,995161;1;-249,757294;246,457413;2215,380615;1;0;0;0;0;0;0;0;0;0;0;0;0
10,828000;-258,899536;230,922043;2220,030518;-0,217692;29,382822;-5,987761;1;-249,767853;246,423996;2215,344727;1;0;0;0;0;0;0;0;0;0;0;0;0
10,862000;-258,910248;230,923569;2220,081055;-0,281666;29,382303;-5,993967;1;-249,784424;246,418900;2215,370605;1;0;0;0;0;0;0;0;0;0;0;0;0
10,897000;-258,895538;230,949799;2220,056885;-0,267236;29,335779;-5,999022;1;-249,765533;246,454895;2215,372314;1;0;0;0;0;0;0;0;0;0;0;0;0
10,931000;-258,905579;230,921005;2220,041748;-0,187434;29,355057;-5,967960;1;-249,772430;246,421951;2215,346680;1;0;0;0;0;0;0;0;0;0;0;0;0
10,966000;-258,901855;230,918472;2220,041260;-0,168773;29,356430;-5,952886;1;-249,773849;246,417999;2215,370850;1;0;0;0;0;0;0;0;0;0;0;0;0
11,000000;-258,904785;230,944504;2220,059326;-0,223239;29,424953;-5,996403;1;-249,771210;246,445053;2215,375244;1;0;0;0;0;0;0;0;0;0;0;0;0
11,034000;-258,898743;230,933655;2220,047607;-0,267139;29,420317;-5,974425;1;-249,769974;246,430176;2215,364990;1;0;0;0;0;0;0;0;0;0;0;0;0
11,069000;-258,899567;230,918671;2220,050049;-0,231848;29,429264;-5,988646;1;-249,778183;246,409485;2215,362549;1;0;0;0;0;0;0;0;0;0;0;0;0
11,103000;-258,892578;230,939316;2220,031494;-0,273773;29,407864;-5,990044;1;-249,769913;246,451553;2215,355713;1;0;0;0;0;0;0;0;0;0;0;0;0
11,138000;-258,905640;230,932739;2220,044678;-0,257547;29,372700;-5,987895;1;-249,775391;246,435547;2215,381104;1;0;0;0;0;0;0;0;0;0;0;0;0
11,172000;-258,898224;230,918564;2220,041260;-0,209941;29,358158;-5,975654;1;-249,766846;246,421356;2215,359619;1;0;0;0;0;0;0;0;0;0;0;0;0
11,207000;-258,898346;230,936661;2220,043213;-0,231699;29,383898;-5,987349;1;-249,762360;246,445465;2215,372559;1;0;0;0;0;0;0;0;0;0;0;0;0
11,241000;-258,895111;230,934662;2220,028564;-0,237205;29,359346;-5,995642;1;-249,771072;246,444092;2215,365723;1;0;0;0;0;0;0;0;0;0;0;0;0
11,276000;-258,903961;230,918839;2220,046631;-0,264112;29,376551;-5,985900;1;-249,780365;246,417313;2215,382813;1;0;0;0;0;0;0;0;0;0;0;0;0
11,310000;-258,895966;230,935196;2220,044189;-0,205676;29,368813;-5,982164;1;-249,762070;246,443573;2215,351074;1;0;0;0;0;0;0;0;0;0;0;0;0
11,345000;-258,900421;230,943954;2220,045410;-0,227262;29,389997;-5,977368;1;-249,770432;246,442352;2215,386230;1;0;0;0;0;0;0;0;0;0;0;0;0
11,379000;-258,903442;230,919815;2220,059814;-0,164346;29,387377;-5,972774;1;-249,777771;246,421295;2215,399170;1;0;0;0;0;0;0;0;0;0;0;0;0
11,414000;-258,900024;230,930939;2220,038574;-0,176334;29,348206;-5,971840;1;-249,771957;246,430450;2215,373779;1;0;0;0;0;0;0;0;0;0;0;0;0
11,448000;-258,897949;230,941223;2220,055908;-0,208124;29,357027;-5,982773;1;-249,768402;246,439453;2215,364014;1;0;0;0;0;0;0;0;0;0;0;0;0
11,483000;-258,897400;230,916061;2220,029541;-0,245992;29,409042;-5,991213;1;-249,769608;246,423477;2215,372314;1;0;0;0;0;0;0;0;0;0;0;0;0
11,517000;-258,899658;230,924545;2220,027100;-0,253221;29,396065;-6,002020;1;-249,775970;246,437759;2215,397949;1;0;0;0;0;0;0;0;0;0;0;0;0
11,552000;-258,901367;230,941574;2220,029541;-0,203195;29,374498;-5,986573;1;-249,771011;246,441818;2215,349365;1;0;0;0;0;0;0;0;0;0;0;0;0
11,586000;-258,898407;230,925781;2220,022461;-0,240901;29,387619;-5,988855;1;-249,765640;246,423431;2215,369385;1;0;0;0;0;0;0;0;0;0;0;0;0
11,621000;-258,898560;230,929184;2220,047852;-0,245307;29,419842;-5,997869;1;-249,768143;246,429321;2215,386963;1;0;0;0;0;0;0;0;0;0;0;0;0
11,655000;-258,900665;230,939880;2220,039551;-0,314124;29,373409;-6,013083;1;-249,776291;246,448868;2215,381592;1;0;0;0;0;0;0;0;0;0;0;0;0
11,690000;-258,902374;230,926453;2220,049805;-0,161416;29,412977;-5,958227;1;-249,771088;246,428314;2215,357666;1;0;0;0;0;0;0;0;0;0;0;0;0
11,724000;-258,899475;230,924454;2220,053467;-0,277134;29,419022;-6,004261;1;-249,766907;246,425766;2215,353027;1;0;0;0;0;0;0;0;0;0;0;0;0
11,759000;-258,895355;230,938721;2220,035645;-0,158475;29,356190;-5,968382;1;-249,766846;246,448486;2215,367676;1;0;0;0;0;0;0;0;0;0;0;0;0
11,793000;-258,904419;230,926834;2220,051514;-0,165133;29,399097;-5,974705;1;-249,773987;246,430359;2215,378174;1;0;0;0;0;0;0;0;0;0;0;0;0
11,828000;-258,900940;230,925568;2220,036865;-0,246337;29,412857;-6,001128;1;-249,769089;246,430878;2215,389648;1;0;0;0;0;0;0;0;0;0;0;0;0
11,862000;-258,901978;230,943314;2220,055176;-0,248095;29,341694;-5,998044;1;-249,766418;246,436920;2215,366455;1;0;0;0;0;0;0;0;0;0;0;0;0
11,897000;-258,898315;230,934799;2220,038574;-0,248921;29,384645;-5,990945;1;-249,764694;246,426712;2215,349121;1;0;0;0;0;0;0;0;0;0;0;0;0
11,931000;-258,900940;230,926590;2220,050537;-0,250003;29,386400;-5,998902;1;-249,767578;246,426102;2215,375000;1;0;0;0;0;0;0;0;0;0;0;0;0
11,966000;-258,901001;230,937393;2220,041504;-0,250443;29,393978;-5,992181;1;-249,774918;246,439316;2215,368652;1;0;0;0;0;0;0;0;0;0;0;0;0
12,000000;-258,901245;230,933945;2220,042480;-0,255765;29,423973;-5,990784;1;-249,770676;246,431183;2215,381836;1;0;0;0;0;0;0;0;0;0;0;0;0
12,034000;-258,897095;230,924896;2220,032959;-0,181799;29,389177;-5,968971;1;-249,769394;246,423889;2215,363525;1;0;0;0;0;0;0;0;0;0;0;0;0
12,069000;-258,904907;230,931183;2220,045410;-0,200824;29,376947;-5,987466;1;-249,775162;246,440521;2215,389404;1;0;0;0;0;0;0;0;0;0;0;0;0
12,103000;-258,897217;230,936981;2220,047607;-0,286698;29,413540;-6,005901;1;-249,778870;246,446396;2215,391602;1;0;0;0;0;0;0;0;0;0;0;0;0
12,138000;-258,902252;230,925781;2220,040527;-0,214971;29,393221;-5,992201;1;-249,773529;246,428131;2215,375488;1;0;0;0;0;0;0;0;0;0;0;0;0
12,172000;-258,898865;230,928406;2220,043213;-0,205176;29,402189;-5,980864;1;-249,773376;246,440338;2215,369141;1;0;0;0;0;0;0;0;0;0;0;0;0
12,207000;-258,899780;230,936523;2220,044678;-0,186111;29,329969;-5,981200;1;-249,768692;246,439835;2215,357422;1;0;0;0;0;0;0;0;0;0;0;0;0
12,241000;-258,899414;230,922989;2220,022949;-0,308803;29,357700;-6,012075;1;-249,768433;246,425491;2215,341797;1;0;0;0;0;0;0;0;0;0;0;0;0
12,276000;-258,898193;230,929657;2220,035156;-0,207517;29,401133;-5,978264;1;-249,767273;246,431351;2215,335205;1;0;0;0;0;0;0;0;0;0;0;0;0
12,310000;-258,897461;230,934250;2220,043701;-0,203148;29,383307;-5,979566;1;-249,766037;246,428467;2215,384521;1;0;0;0;0;0;0;0;0;0;0;0;0
12,345000;-258,900360;230,925034;2220,022217;-0,202140;29,362717;-5,978453;1;-249,770859;246,430573;2215,382568;1;0;0;0;0;0;0;0;0;0;0;0;0
12,379000;-258,896179;230,929138;2220,030273;-0,232117;29,421623;-5,989222;1;-249,769669;246,431076;2215,350586;1;0;0;0;0;0;0;0;0;0;0;0;0
12,414000;-258,896698;230,937393;2220,044189;-0,179190;29,387964;-5,978098;1;-249,769928;246,434021;2215,364990;1;0;0;0;0;0;0;0;0;0;0;0;0
12,448000;-258,901031;230,932495;2220,045654;-0,275072;29,405535;-6,008160;1;-249,766922;246,427719;2215,354492;1;0;0;0;0;0;0;0;0;0;0;0;0
12,483000;-258,902710;230,925354;2220,026367;-0,263156;29,409016;-5,995004;1;-249,776123;246,426285;2215,378418;1;0;0;0;0;0;0;0;0;0;0;0;0
12,517000;-258,902252;230,938156;2220,045898;-0,165615;29,461929;-5,973295;1;-249,771851;246,430206;2215,366943;1;0;0;0;0;0;0;0;0;0;0;0;0
12,552000;-258,897247;230,930573;2220,039307;-0,280418;29,405621;-5,999278;1;-249,768661;246,425323;2215,362061;1;0;0;0;0;0;0;0;0;0;0;0;0
12,586000;-258,902771;230,926666;2220,037109;-0,242784;29,392025;-5,986744;1;-249,764847;246,431549;2215,359619;1;0;0;0;0;0;0;0;0;0;0;0;0
12,621000;-258,901520;230,937607;2220,050537;-0,261804;29,395481;-5,993863;1;-249,769119;246,437927;2215,376221;1;0;0;0;0;0;0;0;0;0;0;0;0
12,655000;-258,901489;230,932739;2220,041992;-0,288694;29,381435;-5,996218;1;-249,772110;246,428604;2215,361572;1;0;0;0;0;0;0;0;0;0;0;0;0
12,690000;-258,900055;230,927856;2220,038574;-0,236884;29,372778;-5,989597;1;-249,773193;246,429596;2215,383545;1;0;0;0;0;0;0;0;0;0;0;0;0
12,724000;-258,898926;230,932358;2220,048340;-0,236639;29,373047;-5,988600;1;-249,771896;246,431183;2215,372070;1;0;0;0;0;0;0;0;0;0;0;0;0
12,759000;-258,899658;230,928238;2220,034424;-0,186540;29,387438;-5,975079;1;-249,771408;246,427216;2215,371338;1;0;0;0;0;0;0;0;0;0;0;0;0
12,793000;-258,898376;230,926285;2220,037109;-0,278574;29,399508;-5,995076;1;-249,763336;246,425034;2215,338623;1;0;0;0;0;0;0;0;0;0;0;0;0
12,828000;-258,897095;230,933884;2220,042969;-0,275980;29,376305;-5,990115;1;-249,770538;246,435349;2215,354980;1;0;0;0;0;0;0;0;0;0;0;0;0
12,862000;-258,898346;230,935532;2220,046631;-0,189411;29,444931;-5,990468;1;-249,769882;246,439072;2215,354492;1;0;0;0;0;0;0;0;0;0;0;0;0
12,897000;-258,901489;230,925659;2220,031982;-0,203681;29,384157;-5,985433;1;-249,774979;246,434875;2215,375488;1;0;0;0;0;0;0;0;0;0;0;0;0
12,931000;-258,898926;230,934952;2220,035156;-0,252447;29,405695;-5,995109;1;-249,767059;246,431320;2215,371582;1;0;0;0;0;0;0;0;0;0;0;0;0
12,966000;-258,897766;230,935394;2220,035156;-0,252961;29,389494;-6,006801;1;-249,772278;246,433472;2215,368652;1;0;0;0;0;0;0;0;0;0;0;0;0
13,000000;-258,898346;230,922653;2220,044434;-0,274997;29,421570;-5,998487;1;-249,777786;246,436447;2215,378906;1;0;0;0;0;0;0;0;0;0;0;0;0
13,034000;-258,895355;230,930161;2220,035156;-0,262613;29,439030;-5,993276;1;-249,772339;246,432922;2215,360107;1;0;0;0;0;0;0;0;0;0;0;0;0
13,069000;-258,898224;230,928879;2220,028809;-0,247381;29,384027;-5,991204;1;-249,768326;246,432297;2215,356201;1;0;0;0;0;0;0;0;0;0;0;0;0
13,103000;-258,904297;230,924271;2220,043945;-0,233049;29,400181;-5,981876;1;-249,767441;246,426086;2215,367920;1;0;0;0;0;0;0;0;0;0;0;0;0
13,138000;-258,904083;230,927917;2220,047119;-0,217688;29,381077;-5,976058;1;-249,772430;246,430847;2215,383301;1;0;0;0;0;0;0;0;0;0;0;0;0
13,172000;-258,901611;230,933395;2220,036621;-0,193667;29,377975;-5,967144;1;-249,766739;246,431152;2215,336914;1;0;0;0;0;0;0;0;0;0;0;0;0
13,207000;-258,898590;230,927841;2220,037598;-0,168269;29,397594;-5,971645;1;-249,764282;246,433655;2215,347412;1;0;0;0;0;0;0;0;0;0;0;0;0
13,241000;-258,902313;230,935455;2220,059326;-0,192752;29,407509;-5,982365;1;-249,771408;246,431915;2215,365723;1;0;0;0;0;0;0;0;0;0;0;0;0
13,276000;-258,893616;230,928726;2220,025879;-0,253971;29,427132;-6,008186;1;-249,769791;246,433350;2215,382813;1;0;0;0;0;0;0;0;0;0;0;0;0
13,310000;-258,899445;230,926041;2220,028320;-0,221143;29,311237;-5,980774;1;-249,771667;246,431183;2215,367432;1;0;0;0;0;0;0;0;0;0;0;0;0
13,345000;-258,903717;230,931946;2220,054688;-0,258335;29,389980;-5,981750;1;-249,773590;246,428101;2215,396484;1;0;0;0;0;0;0;0;0;0;0;0;0
13,379000;-258,895477;230,931458;2220,040527;-0,278222;29,419121;-6,005342;1;-249,766037;246,441360;2215,364258;1;0;0;0;0;0;0;0;0;0;0;0;0
13,414000;-258,899719;230,927750;2220,046387;-0,207102;29,366764;-5,977137;1;-249,768188;246,425079;2215,364014;1;0;0;0;0;0;0;0;0;0;0;0;0
13,448000;-258,902924;230,929153;2220,030762;-0,196655;29,383259;-5,963930;1;-249,758392;246,424820;2215,332764;1;0;0;0;0;0;0;0;0;0;0;0;0
13,483000;-258,900940;230,932297;2220,045654;-0,149704;29,362335;-5,963951;1;-249,770248;246,432159;2215,353760;1;0;0;0;0;0;0;0;0;0;0;0;0
13,517000;-258,896729;230,930817;2220,023438;-0,247900;29,331038;-5,992026;1;-249,772125;246,436081;2215,387207;1;0;0;0;0;0;0;0;0;0;0;0;0
13,552000;-258,896545;230,926620;2220,035156;-0,283388;29,406204;-6,003498;1;-249,773621;246,424164;2215,381348;1;0;0;0;0;0;0;0;0;0;0;0;0
13,586000;-258,899109;230,931152;2220,016602;-0,184662;29,366320;-5,975225;1;-249,771393;246,431107;2215,375488;1;0;0;0;0;0;0;0;0;0;0;0;0
13,621000;-258,900360;230,930328;2220,034668;-0,191154;29,417795;-5,975453;1;-249,777634;246,424393;2215,367188;1;0;0;0;0;0;0;0;0;0;0;0;0
13,655000;-258,898407;230,931900;2220,045898;-0,244613;29,377344;-5,992986;1;-249,768539;246,433090;2215,335205;1;0;0;0;0;0;0;0;0;0;0;0;0
13,690000;-258,899353;230,933212;2220,044678;-0,257320;29,380089;-5,986692;1;-249,775391;246,439163;2215,388184;1;0;0;0;0;0;0;0;0;0;0;0;0
